source_name,title_sentiment
/FILM,0.15145005131800907
1000wordphilosophy.com,0.25
100daysofrealfood.com,0.1
100layercake.com,0.25
101cookbooks.com,0.0
148apps.com,0.0
1a3orn.com,-0.1
2000ad.com,0.0
24/7 Wall St.,-0.15
2chblog.jp,0.0
2dopeboyz.com,0.13636363636363635
2paxfly.com,0.0
3dnchu.com,0.5
3dnews.ru,0.0
3quarksdaily.com,0.6
404media.co,0.0
43rumors.com,0.0
500px.com,-0.004166666666666666
71toes.com,0.0
7x7.com,0.3
8thlight.com,-0.025
99percentinvisible.org,0.0
9to5Mac,0.07699706397710598
9to5Toys,0.3137631899350649
9to5chic.com,0.0
9to5google.com,0.04805194805194805
@tucson_police,0.0
A Beautiful Mess,0.13392857142857142
A16z.com,0.026041666666666664
A16zcrypto.com,0.0
ABC News,0.02234025571177079
ABC News (AU),0.02860591409441984
AOL,0.07697777777777777
ARLnow,-0.014835164835164838
ARTnews,0.0885841170323929
Aajtak.in,0.013888888888888888
Abduzeedo.com,0.0436063936063936
Abenezerbelachew.com,0.0
Abject.ca,0.0
Abnormalreturns.com,0.0
About Chromebooks,0.0
Above the Law,0.04678448812169742
Acast.com,0.0
Acecomments.mu.nu,0.0
Aclu.org,0.04999999999999999
Acm.org,-0.07727272727272727
Acouplecooks.com,-0.021052631578947368
Activistpost.com,0.0683080808080808
AdExchanger,0.020535714285714286
Adafruit.com,0.07493495290079141
Adambien.blog,0.0
Adaymag.com,0.0
Adblockplus.org,-0.1875
Addicted2success.com,0.625
Adept.ai,0.3
Adland.tv,0.35
Adventure.com,0.00981466450216452
Adventurouskate.com,0.2
Advertimes.com,0.0
Advocate.com,0.036111111111111115
Adweek,-0.00014921946740129117
Aeon.co,0.03333333333333333
Afpbb.com,0.0
Africadaily.net,0.05936639118457301
Africasacountry.com,0.01764705882352941
Africauncensored.online,0.0
Aftonbladet.se,0.0
AgWired,0.0
Agora-web.jp,0.0
Ahouseinthehills.com,0.2472663139329806
Ai-cio.com,0.0
Ai.gov,0.0
Aidanfinn.com,0.05
Aidemos.info,0.0
Airgradient.com,0.0
Airportsim.com,0.0
Al Jazeera English,0.008823266269977597
Albertmohler.com,0.0
Alecmuffett.com,0.0
Alexandracooks.com,0.0
Alfalfalfa.com,0.0
Aliem.com,0.0
Aljazeera.net,0.0
AllAfrica - Top Africa News,0.021139956077069935
Allendowney.com,-0.30000000000000004
Allthatsinteresting.com,-0.05743801652892562
Allure,0.041818181818181824
Almostfearless.com,0.1
Alphafreepress.gr,0.0
Amass.jp,0.09469696969696968
Amazon.co.jp,0.0
Amazon.com,0.14963636363636365
Ambcrypto.com,0.08824675324675325
Ambitiouskitchen.com,-0.6
Amd.com,0.13636363636363635
Ameblo.jp,0.0
Americanthinker.com,-0.02098063973063973
Amusingplanet.com,0.11875
Amyporterfield.com,0.0
AnOther Magazine,0.16172176308539943
Anadolu Agency,0.0
AnandTech,0.048295454545454544
Android Authority,0.1478125109984866
Android Central,0.13424856851243086
Android Headlines,0.10008731798504526
Android Police,0.16637210356218618
Android-apk.com,0.0
AndroidGuys,0.054143475572047
Andscape.com,0.0
Anime News Network,0.01859131859131859
Annas-blog.org,0.0
Answersingenesis.org,0.2
Antiwar.com,-0.03181818181818182
Apa.org,0.26666666666666666
Apartment Therapy,0.16355820105820104
Aphotoeditor.com,0.06946969696969697
Appadvice.com,0.0
Appbank.net,0.015306122448979591
Appellationbeer.com,0.0
Appinn.com,0.0
Apple Newsroom,0.17454545454545456
AppleInsider,0.0826425198178445
Applech2.com,0.0
Appleinsider.ru,0.0
Applelinkage.com,0.0
Applevis.com,0.5
Appps.jp,0.0
Aps.org,0.02005952380952381
Aquariumdrunkard.com,-0.038461538461538464
Arab News,0.0
Arcamax.com,-0.2583333333333333
ArchDaily,0.04948905261405261
Archaeology,0.02340909090909091
Archdaily.cl,0.1875
Architonic.com,0.0
Archive.org,0.4
Archmission.org,-0.25
Arduino.cc,0.16962481962481965
Arm.com,0.0
Arne.me,0.5
Ars Technica,0.03508629579433775
Arsenal.com,-0.028947368421052635
Artnet.com,0.1
Artofmanliness.com,0.019753086419753086
Artsjournal.com,0.0
Arubanetworks.com,0.35333333333333333
Arxiv.org,0.037012987012987004
Asahi.com,0.0
Ascii.jp,0.0
Asepbagja.com,0.0
Asignin.space,0.0
Askamanager.org,0.05714285714285715
Askmen.com,0.0
Askubuntu.com,-0.125
Asla.org,0.4
Associated Press,0.0475
Asteriskmag.com,-0.3333333333333333
Asu.edu,0.0
Atariarchives.org,0.0
Atlas Obscura,0.010465169992609017
Atlassian.com,0.0
Attackmagazine.com,0.0
Auckland.ac.nz,0.0
Audioholics,-0.015151515151515152
Audiophilestyle.com,0.0
Ausdroid,-0.5
Austin Chronicle,0.5
Australian Financial Review,0.0
Australiangeographic.com.au,0.0
AutoExpress,0.5015151515151515
Autoblog,0.0659032287157287
Autocar,0.023688811188811186
Automaton-media.com,0.0
Autostraddle.com,0.043518518518518526
Autoviadev.co.uk,0.13636363636363635
Averiecooks.com,0.2333333333333333
Aviatrix.com,0.0
Awaytogarden.com,0.0
Awealthofcommonsense.com,0.0
Awk.dev,0.0
Awkwardfamilyphotos.com,0.0
Awwwards.com,0.0
Axleos.com,0.0
BBC News,0.03523057514249166
BGR,0.08183231120731121
BMWBLOG,0.06098098330241187
Bacalhau.org,0.0
Backerkit.com,0.0
Backpackinglight.com,0.2
Bakeat350.net,0.0
Bakeorbreak.com,0.0
Balatarin.com,0.0
Bamsoftware.com,0.0
Bangkok Post,0.03929868594762211
Bankautomationnews.com,0.0
Barks.jp,0.012315270935960592
Barron's,0.06015151515151516
Bay12games.com,0.0
Bayoakomolafe.net,0.0
Beagleboard.org,-0.07142857142857142
Bearblog.dev,0.0
Beautifullife.info,0.0
Bedroomproducersblog.com,0.3353084415584416
Beeminder.com,0.0
Behance.net,0.0
Bellingcat.com,-0.011111111111111112
Belloflostsouls.net,0.01491046831955923
Bemorewithless.com,0.2583333333333333
Bengreenfieldlife.com,0.5
Beren.io,0.0
Berthub.eu,0.0
Bestadsontv.com,0.022222222222222223
Besuccess.com,0.0
BetaNews,0.14688852813852815
Betalist.com,0.2
Betterhumans.pub,0.15595238095238093
Betterprogramming.pub,0.0
Bevcooks.com,0.0
Biblicalarchaeology.org,0.0
Bike Magazine,0.0
Bikeexif.com,0.10952380952380951
Bikerumor.com,0.23363636363636364
Bimmerpost.com,0.06818181818181818
Bitcoin Magazine,0.02727272727272727
Bitcoinist,0.0384521349862259
Bitpipe.com,0.03333333333333333
Bitrebels.com,0.2
Bitsandpieces.us,0.0
Bittersweetblog.com,0.16666666666666666
Biziday.ro,0.0
Biztoc.com,0.033427329955177734
Blackbaud.com,0.15
Bldgblog.com,0.0
Bleacher Report,0.10551160921883355
Bleeding Cool News,0.07261727418240024
Blendernation.com,-0.041666666666666685
Blessthisstuff.com,0.0
Blizzardwatch.com,0.0
Blog.google,0.0011363636363636354
Blog.jp,0.0
Blogger.com,0.0029457070707070666
Bloggingpro.com,0.5
Blogilates.com,0.3181818181818182
Blognone.com,-0.05714285714285715
Blogs.bl.uk,0.0
Blogs.com,0.25
Blogspot.com,0.07916666666666666
Bloody Disgusting,0.03125
Bloomberg,0.21818181818181817
Bmwgroup.com,0.048295454545454544
Boardgamegeek.com,0.0
Boardingarea.com,0.10873343827889283
Bodybuilding.com,0.0
Bohaishibei.com,0.0
Boing Boing,0.061119355377829955
Bonterms.com,0.0
Booksandideas.net,0.0
Booooooom.com,-0.011965811965811967
Borderlandbeat.com,0.06875
Bossip,-0.04357638888888889
Boston Herald,0.06958575112830433
Boxingnews24.com,0.15
Boyculture.com,-0.00222222222222222
Bpando.org,0.0
Bradfrost.com,0.0
Brandingstrategyinsider.com,0.0
Brandonsanderson.com,0.0
Bravewriter.com,0.6000000000000001
Breakingmuscle.com,0.35165289256198345
Bref.sh,0.0
Breitbart News,-0.0307703081232493
Brendangregg.com,0.0
Bret.dk,0.5
Brev.dev,0.0
Brianlinkletter.com,0.0
Briantracy.com,0.0
Brickset.com,-0.13333333333333333
Bringatrailer.com,0.011391625615763547
Bristol Herald Courier,0.35
Bristol247.com,0.13636363636363635
Brit + Co,0.06609848484848485
British GQ,0.0
Britishmuseum.org,0.0
BroBible,0.11070688225538972
Brooklyn Paper,-0.05
Brooklyn Vegan,0.1046265172735761
Brooklynblonde.com,0.0
Brooksreview.net,0.0
Brothers-brick.com,0.43333333333333335
Brown.edu,0.0
Browneyedbaker.com,0.0
Btl-blog.com,0.3833333333333333
Bubbyandbean.com,0.0
Bucsdugout.com,0.0
Budgetbytes.com,-0.10909090909090909
Budgetsaresexy.com,0.13636363636363635
Buildkite.com,0.2
Bunkhistory.org,0.0
Bunshun.jp,0.0
Burninghut.ru,0.0
Business Insider,0.04136776977540816
Business Today,0.010184659090909093
Business-opportunities.biz,0.0
BusinessLine,0.03280428413050364
Buttondown.email,-0.1
Buzzfeed,0.20643939393939395
C-sharpcorner.com,-0.12
C21media.net,0.05489964580873672
C82.net,0.0
CBC News,0.011862952231478126
CBM (Comic Book Movie),0.071507659007659
CBS News,0.01233044733044733
CBS Sports,0.145639797445353
CFO Dive,0.0
CHIP Online Deutschland,0.0
CIO Dive,0.13636363636363635
CMSWire,0.08333333333333333
CNA,0.04170655161453773
CNBC,0.07759001782531194
CNET,0.11105424251386983
CNN,0.01653642266824085
CNX Software,0.0
Ca.gov,0.3
Cakewrecks.com,0.2333333333333333
Calendar.com,0.0
Callumbirch.com,0.0
Caltech.edu,0.0
Cambridge.org,-0.04261363636363637
Camer.be,0.07666666666666667
Cameralabs.com,0.10000000000000002
Camilacoelho.com,0.4
Camillestyles.com,0.3985294117647059
Canonrumors.com,0.0
Card Chronicle,0.0
Careerfair.io,-0.05
Carexpert.com.au,-0.2
Careynieuwhof.com,0.0
Carlyriordan.com,0.0
Carriermanagement.com,-0.16666666666666666
Carryology.com,0.08928571428571429
Cartoon Brew,0.003853754940711462
Cassidyjames.com,0.4375
Catholicnewsagency.com,0.045757575757575754
Cbinsights.com,0.0
Cdbaby.com,0.0
Cdc.gov,0.11888888888888889
Cdm.link,0.0
Celebitchy.com,0.07098765432098765
Centauri-dreams.org,0.0
Centsationalstyle.com,-0.06666666666666667
Cgpersia.com,0.0
Ch3ngl0rd.com,0.0
Chainwire.org,0.1
Challies.com,-0.07413461538461538
Chalmers.se,-0.5
Chasejarvis.com,0.21250000000000002
Checkyourfact.com,0.02028985507246377
Cheezburger.com,0.03166959776334776
Chicago Reader,-0.09484848484848486
Chicago Tribune,0.18636363636363634
Chinabooksreview.com,0.0
Chipsandcheese.com,-0.16666666666666666
Chocolatecoveredkatie.com,0.0
Chrislovesjulia.com,0.08541666666666665
ChristianityToday.com,-0.1
Christiantoday.com,-0.03571428571428571
Chrlschn.dev,0.0
Chrome.com,0.0
Cinematoday.jp,0.0
Cisa.gov,0.0
Cisco.com,0.03333333333333333
Citizenshipper.com,0.21428571428571427
Clarkesworldmagazine.com,-0.06666666666666667
Classmethod.jp,0.0
CleanTechnica,0.05105341202724923
Clickittech.com,0.0
Clojure.org,0.0
Clojuredesign.club,0.0
Closetcooking.com,0.0
Cloudflare.com,0.13333333333333333
Cnblogs.com,-0.05
Cnews.ru,0.0
Cnn.co.jp,0.0
Codedamn.com,0.0
Codeproject.com,0.0
Codezine.jp,0.0
Codingthepast.com,-0.25
Coed.com,-0.17556818181818182
Cohost.org,0.0
CoinDesk,0.025053488178488178
Coinjournal.net,0.0427931488801054
Cointelegraph,0.012102910052910053
Collabfund.com,0.375
Collegefashion.net,0.8
Colossal,0.06898558758314856
Columbia Journalism Review,-0.08928571428571429
Columbia.edu,0.09303451178451178
Comicbookmovie.com-a207548,0.0
Comicbookmovie.com-a207563,0.375
ComingSoon.net,0.06640341773903417
Commerce.gov,-0.6
Commercial Observer,0.12757575757575756
Common Dreams,-0.021875000000000002
Commonplace.online,-0.1
Commonsensewithmoney.com,0.13911335578002243
Computer.rip,0.0
ComputerWeekly.com,0.027232142857142854
Computerra.ru,0.0
Computerworld,0.10166666666666666
Consequence.net,0.018432514973610866
Construction-physics.com,-0.5916666666666667
Contemporist.com,0.17809523809523808
Contentmarketinginstitute.com,0.0
Contexts.org,0.0
Convergencemag.com,0.0
Conversion-rate-experts.com,0.8
Cookieandkate.com,0.0
Cool Hunting,0.0834854334854335
Cool3c.com,0.0
Coolmaterial.com,0.033685064935064936
Copilotsearch.com,0.0
Corbado.com,-0.4
Core77.com,0.14635167464114832
Cornell.edu,0.0
Corticallabs.com,0.0
Cosmopolitan.com,0.13689839572192514
Cossa.ru,0.0
Costar.com,0.0
CounterPunch,0.009447890418039673
Coursera.org,0.0
Coveteur.com,-0.05
Cowboystatedaily.com,0.2
Cprr.org,0.0
Cracked.com,0.015321280458475587
Craftgossip.com,0.0
Craigmurray.org.uk,0.0
Crazyegg.com,0.14444444444444446
Creative Bloq,0.11022727272727273
Creative Boom,0.07895622895622896
Creativeapplications.net,-0.01666666666666668
Creativecommons.org,0.0
Crikey,-0.018749999999999996
Crimethinc.com,0.1
Crisp.se,0.0
Crookedtimber.org,0.0
Crooksandliars.com,-0.039267676767676764
Crosswalk.com,0.0
Crossway.org,0.3
Cruisingkids.co.uk,0.13636363636363635
Crunchydata.com,0.0
Crypto Daily,0.061883541295306
CryptoGlobe,0.10327888257575757
CryptoSlate,0.016412724180581324
Cryptocynews.com,0.16363636363636364
Cryptopolitan,0.048295454545454544
Cs.ru.nl,0.0
Csis.org,-0.43333333333333335
Css-irl.info,0.0
Ctvnews.ca,0.0
Cubist.dev,0.2
Cult of Mac,0.21127819548872181
Cupofjo.com,0.16790123456790124
Curbed,0.2
Curbly.com,0.425
Current.org,0.0
D Magazine,-0.08333333333333333
DC Rainmaker,-0.027777777777777776
DIE WELT,0.15
DIYphotography,0.12569597069597072
DJ Mag,0.10860389610389609
DW (English),0.002231406265270808
Dadgum.com,0.0
Daemonology.net,0.0
Dagospia.com,0.0014583333333333364
Daily Beast,0.007122869622869624
Daily Signal,0.006295093795093795
DailyFX,-0.16874999999999998
Dailycoffeenews.com,0.04645833333333334
Dailyinfographic.com,0.12708333333333333
Dailypsychedelicvideo.com,0.0
Dailyutahchronicle.com,0.0
Damanwoo.com,0.0
Damninteresting.com,0.0
Dancing Astronaut,0.05600000000000001
Dangerouslyirrelevant.org,0.03333333333333333
Daniellelaporte.com,0.0
Dannymekic.com,0.55
Dannyreviews.com,0.0
Dansdeals.com,0.10954210472067615
Dappered.com,0.25
Daringfireball.net,-0.049999999999999996
Dariuszsemba.com,0.0
Dark Horizons,0.01515151515151515
Dark Reading,0.0893939393939394
Darnell.day,0.0
Databreaches.net,-0.07500000000000001
Dataversity.net,-0.012592592592592591
Datawars.io,0.1787878787878788
David-smith.org,0.0
Davidcummings.org,0.0
Davidlebovitz.com,0.0
Davidmeermanscott.com,0.0
Davidrevoy.com,0.0
Davidwalsh.name,0.0
Dazed,0.04029839208410637
Dbohdan.com,1.0
Deadline,0.05812194041024686
Deadspin,0.03876863876863877
Dealcatcher.com,0.0875
Dealnews.com,0.20905228758169936
Decider,0.19237012987012989
Decoist.com,-0.049999999999999996
Decrypt,-0.01776094276094277
Defense One,0.06283068783068783
DefenseNews.com,0.0
Demilked.com,0.1485576923076923
Democracy Now!,0.03257575757575757
Demofox.org,0.5
Den of Geek US,0.18191883873702056
Department of Defense,0.03161421911421911
Deseret News,0.0
Design-milk.com,0.07737232574189096
Designer-daily.com,0.0
Designernews.co,0.08571428571428572
Designmom.com,0.3
Designshack.net,0.6125
Designyoutrust.com,0.3781926406926407
Desiringgod.org,-0.009375000000000001
Desmog.com,0.07878787878787878
Destructoid,0.056102659245516384
DevOps.com,0.23333333333333334
Dezeen,0.05061555639034978
Diamond.jp,0.0
Dianeravitch.net,0.03535353535353535
Die Zeit,0.00899621212121212
Dig.watch,0.0
Digiato.com,0.0
Digiday,0.051604278074866304
Digiday.jp,0.0
Digital Journal,0.007150297619047617
Digital Trends,0.1845075734656421
Digital-photography-school.com,0.3111111111111111
DigitalCommerce360,0.02
Digitimes,0.011198945981554676
Dirkriehle.com,0.0
Discover Magazine,0.041666666666666664
Disneyfashionista.com,-0.018350168350168353
Disneytouristblog.com,0.35
Django-news.com,0.0
Djangoproject.com,0.0
Dlang.org,0.0
Dmy.co,0.032467532467532464
Dnyuz.com,0.011226851851851854
Dodbuzz.com,0.15625
Dontwasteyourtime.co.uk,0.0
Doope.jp,0.025
Doorblog.jp,0.0
Dothewoo.io,0.0
Dotnetrocks.com,0.0
Dou.ua,-0.15
Douban.com,0.0
Dougwils.com,0.0
Dpreview.com,0.10757575757575759
Dragon-ball-official.com,0.0
Dramabeans.com,0.35555555555555557
Drb.ie,0.19318181818181818
Dreenaburton.com,0.0
Drive.com.au,0.1794034090909091
Droid Life,0.10189393939393938
DroidGamers,0.11687327823691461
Droidsans.com,0.0
Drunkenstepfather.com,-0.09999999999999999
Ducttapemarketing.com,-0.125
Due.com,0.1
Duringquiettime.com,0.0
Dynomight.net,0.0
Dzone.com,0.0
EFF,-0.051515151515151514
EMS1.com,0.4
ESPN,0.08389065977490415
ESPN Cric Info,0.05430765993265993
ETF Daily News,0.019394098807956964
EURACTIV,0.017552928673058542
EUobserver,0.027310606060606063
Earmilk.com,0.14329767454767453
Eater,0.17419282106782108
Eatingbirdfood.com,0.16999999999999998
Eatliver.com,-0.5
Eclecticlight.co,0.0
Econbrowser.com,0.0
Econlib.org,0.05
Edinburgh Live,0.0
Edsurge.com,-0.05000000000000001
Educatorstechnology.com,0.3464015151515151
Eductive.ca,0.0
Eejournal.com,0.0
Eenewseurope.com,0.0
Effortlessgent.com,-0.10357142857142858
Egotastic.com,-0.13333333333333333
Egscomics.com,0.0
Eia.gov,0.0
Eiga.com,0.0
Elanaspantry.com,0.0
Elastic.co,0.04545454545454545
Elconfidencialdigital.com,0.5
Elearningindustry.com,-0.1
Electrek,0.023219856124267885
Electronicintifada.net,0.0
Electronics-lab.com,0.6
Elegantthemes.com,0.0
Elementsofstyleblog.com,0.2
Elementy.ru,0.0
Elifesciences.org,0.14861111111111114
Eliot.blog,0.0
Elite Daily,0.5
Elliott.org,-0.3
Embedds.com,0.03333333333333333
Emergetools.com,-0.175
Emilygorcenski.com,0.0
Energy-daily.com,0.0
Energycentral.com,0.07215909090909091
Engadget,0.12353619149878992
Engrish.com,0.0
Enriquedans.com,0.0
Entekhab.ir,0.0
Entertainment Tonight,0.0
Environmentenergyleader.com,0.06955492424242425
Eonline.com,0.12422325293753865
Eos,0.0
Epochemagazine.org,0.0
Eprice.com.hk,0.0
Equals.com,0.0
Ericcressey.com,0.0
Ericgoldman.org,0.0
Erickimphotography.com,-0.004189857761286329
Ericlippert.com,0.0
Erinkissane.com,0.0
Errolmorris.com,0.0
Esa.int,0.05009276437847866
Eschatonblog.com,0.19999999999999998
Espinof.com,0.2
Esri.com,0.08787878787878788
Esuteru.com,0.0
Ethang.dev,-0.8
Eurogamer.net,0.0959838207657975
Eurointegration.com.ua,0.0
Euronews,0.1313253921403272
Europa.eu,0.08274582560296846
Eurosport.fr,0.0
Everout.com,0.5
Evertpot.com,0.0
Every.to,0.0
Everydaycarry.com,0.18571428571428572
Everything-everywhere.com,0.0
Exblog.jp,0.0
Exchange4Media,0.0
ExchangeWire,0.25
Excite.co.jp,0.0
Exclaim!,0.0
Existentialcomics.com,0.0
Exler.ru,0.0
Expansion.com,0.0
Expose-news.com,0.0
Extra,0.0
Exystence.net,0.16943317099567098
F1news.ru,0.0
F1technical.net,0.25
FDA.gov,0.09418181818181819
FRANCE 24 English,0.018017717453807678
FX Empire,-0.3
Facebook.com,0.0
FactCheck.org,-0.22083333333333335
Factmag.com,0.0
Factroom.ru,0.0
Fair Observer,0.033939393939393936
Fairbanks Daily News-Miner,0.0
Famitsu.com,0.0
Fangraphs.com,0.027777777777777776
Fannetasticfood.com,0.43333333333333335
Fark.com,0.021221506835913614
Fashionbeans.com,0.8958333333333334
Fashionista,0.22046807359307358
Fashionsnap.com,0.0
Fast Company,0.053647466039707416
Fc2.com,0.0
Feber.se,0.0
Fermyon.com,0.0
Ferra.ru,0.0
Filfre.net,0.0
Film School Rejects,0.45303030303030306
Financial Post,0.061090909090909085
Finbold.com,0.051538825757575756
Finewoodworking.com,0.43333333333333335
Finextra,0.022133095662507426
Finmoorhouse.com,0.0
Finovate.com,0.026623376623376622
First Showing,0.07618596681096682
Firstthings.com,0.06666666666666667
Firstwefeast.com,0.25
Fishki.net,0.0
Fitnessista.com,0.04642857142857143
Flameeyes.blog,0.0
Flaska.net,0.2
Flickr.net,0.0
Flocrivello.com,0.0
Floorp.app,0.0
Floppycats.com,-1.0
Florey.edu.au,0.1875
Flowcode.com,0.0
Flowingdata.com,0.005555555555555557
Fluentin3months.com,0.0
Fly4free.com,0.17149647156496473
Fmscout.com,0.0
Fontanka.ru,0.0
Fontsinuse.com,0.0
Food Safety News,0.0
Food52.com,0.14606650924832743
Foodiecrush.com,0.0
Foodpolitics.com,0.11050556586270872
Footwear News,-0.05707070707070708
Forbes,0.09461830763294701
Foreign Policy,-0.0009214683783649275
Forkast.news,-0.05972222222222222
Forrester.com,-0.0025252525252525255
Fort Worth Star-Telegram,0.075
Fortune,0.0691615251311513
FourFourTwo,0.2714285714285714
Fox News,0.029103510644606537
Fox Sports,0.11562385600976204
Framablog.org,0.0
Frame.work,0.0
Fratellowatches.com,0.24866923200256533
Freecabinporn.com,0.0
Freedomhouse.org,0.0
Freelancewritinggigs.com,0.0
Freerepublic.com,0.03555379336485327
Freethoughtblogs.com,0.0
Frequentfloaters.com,0.08258928571428571
Frequentflyerbonuses.com,0.1599143610013175
Frequentmiler.com,0.20476190476190476
Fresno Bee,-0.2
Froknowsphoto.com,-0.5
Frommilestosmiles.com,0.18125000000000002
Frontiersin.org,0.2
Fstoppers,0.13891491022638566
Ftc.gov,0.0
Fuckingyoung.es,0.06796536796536796
Fujirumors.com,0.0
Funcheap.com,0.413768115942029
Fusionauth.io,0.0
Futilitycloset.com,0.006493506493506493
Futurity: Research News,0.044475524475524476
GQ Magazine,0.2622698849971577
GSMArena.com,0.07252317290552585
Gadget Flow,0.0
Gadget2ch.com,0.0
Gadgethacks.com,0.34545454545454546
Gadgets360.com,0.11325499896928468
Gadgettendency.com,0.0
Gagadget.com,0.0
Gallup.com,0.11666666666666667
Game World Observer,-0.4
GameSpot,0.06553326181615655
Gamebiz.jp,0.0
Gamedev.net,-0.18295454545454548
Gamedeveloper.com,0.0
Gameinformer.com,-0.03747474747474748
GamesIndustry.biz,-0.04493801652892562
GamesRadar+,0.13738075912183054
Gamingonlinux.com,0.121875
Gamme.com.tw,0.0
Garbageday.email,0.0
Gardenrant.com,0.0757142857142857
Gartner.com,0.1
Gatesnotes.com,0.0
Gaycitynews.com,0.4166666666666667
Gazeta.ru,0.0
Gdm.or.jp,0.0
Gear Patrol,0.5
GeekTyrant,0.041666666666666664
Geekdad.com,0.06416666666666666
Geekmom.com,0.0
Geekpark.net,0.0
Geeksaresexy.net,0.17564393939393938
Geeky Gadgets,0.04944818555929667
Gematsu,-0.0590909090909091
Gentlemansgazette.com,0.0
Getmyboat.com,0.45
Getnews.jp,0.0
Getresponse.com,0.0
Gettingsmart.com,0.0
Gettingthingsdone.com,0.0
Ghacks Technology News,0.028715728715728715
Gigazine.net,0.0
Gingerbeardman.com,0.0
Giornalettismo.com,0.16041666666666665
Girlgeniusonline.com,0.0
Github.blog,0.026666666666666665
Github.com,0.00870535714285714
Github.io,0.031818181818181815
Gitprotect.io,1.0
Giveawayoftheday.com,-0.12083333333333333
Givewell.org,0.0
Gizchina.com,0.13005050505050506
Gizmodo.com,0.03805343238936989
Gizmodo.jp,0.0
Global News,0.0
Globalresearch.ca,0.055343614718614716
Globalsecurity.org,0.00546211328097846
GlobeNewswire,0.05957628210187463
Glyphdrawing.club,0.0
Gnome.org,0.0875
Gnu.org,0.0
GoNintendo,0.06888653981677237
Gofugyourself.com,0.41833333333333333
Gog.com,0.049999999999999996
Goldradiouk.com,0.0
Goo.ne.jp,0.0
Goodereader,0.10987345987345988
Google News,0.013636363636363636
Googleblog.com,-0.004895104895104901
Googleusercontent.com,0.0
Gori.me,0.0
Gorillavsbear.net,0.5
Gothamist,0.014516233766233766
Gpsdaily.com,0.0625
Gqjapan.jp,0.0
Graham Cluley Security News,0.0
Granta.com,0.0
Graphhopper.com,0.0
Graphicdesignjunction.com,0.0
Greater Greater Washington,0.12000000000000002
GreenBiz,0.16471861471861474
Gregoryszorc.com,0.0
Greyb.com,0.0
Grist,0.024848484848484852
Grit Daily,-0.05416666666666666
Grub Street,-0.08
Guestrevu.com,0.8
HODINKEE,0.07329545454545455
HYPEBEAST,0.15712121212121213
Haaretz,0.0
Habituallychic.luxury,0.0
Habr.com,-0.037037037037037035
HackRead,-0.14444444444444443
Hackaday,0.04240790967162918
Hacker News,-0.020638820638820644
Hackerhistory.com,0.0
Hackmii.com,0.0
Haihai.ai,-0.17708333333333331
Hakaimagazine.com,0.0
Halfbakedharvest.com,0.275
Hamusoku.com,0.0
Handsfreemama.com,0.0
Harpers.org,0.0
Harvard Business Review,-0.0038690476190476226
Harvard Crimson,0.0
Harvard School of Engineering and Applied Sciences,-0.022812500000000003
Hatena.ne.jp,0.0
Hatenablog.com,0.0
Hbs.edu,0.1962121212121212
Hbvl.be,0.0
Healthcare IT News,0.0
Healthcare-economist.com,0.0
Healthsystemcio.com,0.19999999999999998
Hearthpwn.com,0.13636363636363635
Hel-looks.com,0.0
Help Net Security,0.0018518518518518515
Here.news,0.0
Heritagecalling.com,-0.05
Hespokestyle.com,0.0
Heydesigner.com,0.0
Hiconsumption.com,0.3676323676323676
Highsnobiety,0.11192367999454614
Hilobrow.com,0.0
Himasoku.com,0.0
Hindustan Times,0.05
Hip-Hop Wired,0.265
HipHopDX,0.026715818903318908
Hipparis.com,0.0
Histalk2.com,0.0
Historytoday.com,0.0
Holeinthedonut.com,0.0
Holidaypirates.com,0.12077922077922079
Hollywood Life,0.1094426406926407
Hollywood Reporter,0.0
Home-assistant.io,0.0
Homedit.com,0.0888888888888889
Homesicktexan.com,0.0
Honest-broker.com,0.016666666666666666
Hongkiat.com,0.39999999999999997
Hootsuite.com,0.058333333333333334
Hoover.org,0.02402597402597403
Hospitality Net,0.07412454125052549
Hot Hardware,0.375
Houzz.com,0.11017316017316017
Howsweeteats.com,0.17833333333333332
Howtoforge.com,0.13333333333333333
Https,0.0
Hubspot.com,0.09675925925925927
Huckmag.com,0.0
Hudsonreview.com,0.0
HuffPost,0.02987041071378421
Huffingtonpost.jp,0.0
Huggingface.co,0.0
Human Rights Watch,0.027697772657450076
Hungryrunnergirl.com,0.1875
Hurriyet Daily News,0.060341379634857896
Hurriyet.com.tr,0.0
Hwupgrade.it,0.0
Hypebot.com,0.0
Hyperallergic,0.03571022727272727
IFLScience,0.16666666666666666
IGN,0.08933717426364485
INSIDER,0.0
IPWatchdog.com,0.15454545454545454
IT World Canada,-0.10416666666666667
Ian-leslie.com,0.0
Iasbaba.com,0.05902777777777778
Ibtimes.com.au,0.0
Iconic-photos.com,0.08333333333333333
Identitydesigned.com,0.0
Ideophone.org,0.0
Idnes.cz,0.0
Idonethis.com,1.0
Idownloadblog.com,0.08605248917748917
Ifanr.com,0.0
Ifixit.com,0.0
Igromania.ru,0.0
Iheartnaptime.net,0.0
Ikeahackers.net,0.15416666666666667
Ilograph.com,-0.1
Imazing.com,0.0
Imbibemagazine.com,0.03333333333333333
Imperva.com,0.0
Implications.com,-0.05
Impress.co.jp,0.0
Improbable.com,0.13636363636363635
In These Times,-0.04448051948051948
Incidentalcomics.com,0.024305555555555563
Incourage.me,0.0
Incrediblethings.com,0.15
Independent.ie,0.04926514759395194
IndieWire,0.012568135840194663
Influxdata.com,0.0
InfoQ.com,-0.061700336700336714
InfoWorld,0.0
Informationisbeautiful.net,0.0
Infosecurity Magazine,0.04144219977553311
Infotrend.com.ng,0.15
Inman,0.18181818181818182
Inmediahk.net,0.0
Inn.co.il,-0.06666666666666667
Inrng.com,0.0
Inside the Magic,-0.02770125497398224
InsideClimate News,0.0
InsideEVs ,0.0
InsideHook,0.17708333333333331
Insidetucsonbusiness.com,0.03333333333333333
Inspiredtaste.net,0.6233333333333333
Instapundit.com,0.09686959573587481
Insurance Journal,0.016745930126211818
Int10h.org,0.35
Intego.com,0.13636363636363635
Intelnews.org,0.0
Inter Press Service,0.0
Interaction-design.org,-0.041666666666666664
Intercom.com,0.0
Interestingauthors.com,0.0
Interfax.ru,0.0
International Business Times,0.01566998272578073
Internet,0.018354978354978357
Internetisbeautiful.com,1.0
Inthelibrarywiththeleadpipe.org,0.0
Intothegloss.com,0.1
Inverse,0.35
Investing.com,0.039636927660312966
Investopedia,-0.008333333333333335
Investor's Business Daily,0.05254830917874397
Investor.fm,0.0
InvestorsObserver,0.09336777758010635
Ioconnectservices.com,0.0
Iowagirleats.com,0.0
Iphones.ru,0.0
Ipspace.net,0.0
Ipsquad.net,0.0
Irunfar.com,0.10043290043290044
Isegoria.net,0.0
Ismedia.jp,0.0
Isna.ir,0.0
Isonomiaquarterly.com,0.0
Israelnationalnews.com,0.08333333333333333
Itainews.com,0.0
Italianpoetry.it,0.0
Itc.ua,0.0
Ithome.com,0.0
Ithome.com.tw,0.0
Itlifehack.jp,0.0
Itpro.com,0.0
Itsfoss.com,0.0
Itsnicethat.com,0.1103128054740958
Iwillteachyoutoberich.com,0.0
Ixbt.com,0.0
Iz.ru,0.14285714285714285
Izismile.com,0.16005291005291003
Jacobin.com,0.0
Jakelazaroff.com,0.0
Jalopnik,0.004452157038363935
Jamesdysonaward.org,0.0
Jandan.net,0.0
Janefriedman.com,-0.10416666666666666
Japan Today,0.013319782069782071
Japanbiking.com,0.0
Javacodegeeks.com,0.1921717171717172
Javascriptweekly.com,0.0
Jdgreear.com,0.0
Jdmeier.com,0.375
Jenhatmaker.com,0.0
Jennytrout.com,0.18333333333333332
Jesseduffield.com,-0.6
Jetbrains.com,0.2681818181818182
Jezebel,-0.11622960372960373
Jin115.com,0.0
Jina.ai,0.25
Jmir.org,0.2
Jneurosci.org,0.05
JoBlo.com,0.03396158555249466
Joanwestenberg.com,-0.16666666666666669
Joeprevite.com,0.0
Johndcook.com,0.0
Johnnyjet.com,0.022727272727272724
Johnthewanderer.com,0.10606060606060606
Jon.hk,0.2
Jonacuff.com,0.0
Jonashietala.se,0.3
Jonloomer.com,0.0
Josem.co,0.0
Joseon.com,0.25
Journalism.co.uk,0.0
Jovemnerd.com.br,0.0
Joyandthrill.com,0.025
Joythebaker.com,0.0
Jrothman.com,0.0
Jstor.org,0.0
Juancole.com,-0.00995963495963496
Juliaberolzheimer.com,0.0
Just Arsenal News,0.1
Just Jared,0.06915250497895127
Justcreative.com,0.2638888888888889
Justine.lol,0.0
Justonecookbook.com,0.0
Juxtapoz.com,-0.016379310344827584
KABC-TV,-0.6999999999999998
KCRA Sacramento,0.0
KFOR Oklahoma City,0.15
KGO-TV,0.0
KGW.com,0.4
KLKN,-0.7
KOCO Oklahoma City,0.0
KOMO News,-0.4
KPBS,-0.026785714285714284
KQED,0.08295454545454545
KTLA Los Angeles,-0.19999999999999998
Kai-waehner.de,0.0
Kalynskitchen.com,-0.05000000000000001
Kanobu.ru,0.0
Kaspersky.com,0.2
Katheats.com,0.11212121212121212
Kavvanah.blog,0.0
Kcl.ac.uk,0.0
Kdnuggets.com,0.26666666666666666
Keephq.dev,0.0
Kellanem.com,0.0
Kellblog.com,0.2575
Kentik.com,0.0
Kernel.org,0.0
Kevinmd.com,0.0
Kffhealthnews.org,0.11296296296296296
Khan.co.kr,0.0
KicksOnFire.com,0.7000000000000001
Kimchi-reader.app,0.0
Kinfolk.com,0.0
Kingarthurbaking.com,0.4405555555555556
Kitze.io,0.0
Kk.org,0.013578088578088577
Knightcolumbia.org,0.0
Knowablemagazine.org,-0.3
Knowyourmeme.com,0.11242798353909464
Kodeco.com,0.0
Kommersant.ru,0.0
Korrespondent.net,0.0
Kotaku,0.026893939393939387
Koyeb.com,-0.14583333333333334
Krebs on Security,-0.09999999999999999
Kunstler.com,0.0
Kvraudio.com,0.0
LADbible,0.0014880952380952434
Labaq.com,0.0
Labnol.org,0.0
LancasterOnline,0.05
Lancedb.com,0.0
Landezine.com,0.027777777777777776
Languagehat.com,-0.08333333333333333
Laphamsquarterly.org,0.0
Laravel News,0.21666666666666667
Lareviewofbooks.org,0.0
Largeheartedboy.com,-0.00625
Last-chance-for-eidas.org,0.0
Lastwordonnothing.com,-0.3
Laughingsquid.com,0.09212962962962962
Lavenir.net,0.0
Lawyersgunsmoneyblog.com,-0.036363636363636355
Ldblog.jp,0.0
Le HuffPost,-0.002447552447552448
Le Monde,0.5
Leaddev.com,-0.5
Leadershipfreak.blog,0.2
Leanblog.org,-0.31666666666666665
Learningbyshipping.com,0.2
Legalinsurrection.com,-0.00734126984126984
Leitesculinaria.com,-0.30000000000000004
Lenscratch.com,0.0
Lensculture.com,0.0
Lenta,-0.0038834951456310682
Lerner.co.il,0.0
Lesswrong.com,-0.07500000000000001
Lewishowes.com,0.075
Lewrockwell.com,0.008365800865800872
Lexaloffle.com,0.0
Libcom.org,0.0
Liberalpatriot.com,0.5
Libresilicon.com,0.4
Libsyn.com,0.0
Life.ru,0.0
Lifedev.net,-0.2
Lifehacker.com,0.05070445587224111
Lifehacker.jp,0.0
Lifehacker.ru,0.018793103448275863
Liga.net,0.0
Lightroomkillertips.com,0.4
Liliputing,0.2
Line25.com,1.0
Linkeddataorchestration.com,0.3
Linkedin.com,0.1
Linuxcareers.com,0.0
Linuxgizmos.com,0.032467532467532464
Linuxiac.com,0.3333333333333333
Linuxjournal.com,0.0
Linuxtoday.com,0.1215909090909091
Lionsroar.com,0.009999999999999998
Listverse.com,-0.09861111111111111
Lithub.com,0.024714356681569797
Littlegreenfootballs.com,0.3373737373737374
Live Science,0.05601563251563252
Liveandletsfly.com,0.058410188844971456
Livedoor.biz,0.0
Livedoor.com,0.0
Livedoor.jp,0.0
Livefromalounge.com,0.019460227272727275
Livejournal.com,0.0090169992609017
Livemint,0.0730203823953824
Livenowfox.com,0.0
Livingrichwithcoupons.com,0.03571428571428571
Lkml.org,0.0
Localhost,-0.5
Lokmat.com,0.0
London Review of Books,0.0
Londonist,0.28882575757575757
Longform.org,0.0
Longreads.com,0.09255555555555556
Longwarjournal.org,-0.26666666666666666
Loopinsight.com,0.0
Los Angeles Times,0.043324838817449654
Loudwire,0.1330342902711324
Loveandlemons.com,0.3333333333333333
Loveandoliveoil.com,0.0
Lovelyindeed.com,0.0
Loweringthebar.net,0.0
Loyaltylobby.com,0.02235650152316819
Lse.ac.uk,0.11666666666666668
Lukashermann.dev,0.0
Luminous-landscape.com,0.0
Luxuo.com,0.1318772136953955
Luxurydaily.com,-0.007954545454545457
Luxurylaunches.com,0.1064969500196773
Lwn.net,0.0
MIT Technology Review,0.09554172679172679
MLB Trade Rumors,0.05352272727272728
MMA Fighting,0.07441498316498316
MMA Mania,0.03427264559340031
MSNBC,-0.04163636363636364
MSPoweruser,0.052188552188552194
MacRumors,0.06277945674172089
MacStories,0.048051948051948054
Macdailynews.com,0.04404761904761905
Mackenziehoran.com,0.0
Maclean's,-0.016666666666666666
Macmillanlearning.com,0.0
Macsparky.com,0.0
Mactrast.com,0.0
Macupdate.com,0.0
Macworld,0.35000000000000003
Madison.com,0.0
Maharashtratimes.com,0.0
Mail.ru,0.0
Majorgeeks.com,0.0
MakeUseOf,0.2047626075223478
Maketecheasier.com,0.0
Makeupandbeautyblog.com,0.0
Makezine.com,0.11863636363636362
Malwarebytes.com,0.013333333333333336
Manchester United,0.12
Manoramaonline.com,0.0
Mantan-web.jp,0.0
Marca,-0.0724867724867725
Marcandangel.com,-0.08
Marcellerusu.com,0.0
Marginalrevolution.com,0.023132541217647604
MarketWatch,0.04167961667961668
Marketing Dive,0.2
MarketingProfs.com,0.0
Marketplace.org,0.5
Marketscreener.com,0.0409391360004168
Markezine.jp,0.0
Marksdailyapple.com,0.1618181818181818
Marsdaily.com,0.06818181818181818
Martech.zone,0.25
Martinfowler.com,0.016666666666666666
Matadornetwork.com,0.29219356833642546
Mataroa.blog,0.0
Matometanews.com,0.0
Mckinsey.com,0.01513888888888889
Mcsweeneys.net,0.049358974358974364
MedCity News,0.05
Medgadget,-0.05
MediaNama.com,0.0
Mediadecision.com,0.03363636363636364
Mediafax.ro,0.03214285714285714
Mediagazer.com,0.09692234848484849
Mediaite,0.00786351891003054
Medianews4u.com,0.6
Mediatakeout.com,-0.041666666666666664
Medical Marketing and Media,0.0
Medical News Today,0.125
Medievalists.net,0.0
Medium,0.07222222222222223
Meduza,0.0
Meh.com,0.1091765873015873
Melskitchencafe.com,0.39999999999999997
Memeorandum.com,0.005871212121212126
Men's Journal,0.085
Meneame.net,0.0
Mental Floss,0.13116693248272196
Mercola.com,-0.16666666666666666
Merriam-webster.com,0.0
Messynessychic.com,0.002272727272727271
Metafilter.com,0.015322580645161288
Metal Injection.net,0.09102715466351831
MetalSucks,0.017045454545454544
Metalunderground.com,0.10173160173160173
Microsiervos.com,0.0
Microsoft.com,0.06515151515151515
Middle East Eye,0.0
Mihaiolteanu.me,0.0
Milesforfamily.com,0.025
Milestomemories.com,0.05590909090909091
Military Times,0.0
Millo.co,0.375
Milwaukee Journal Sentinel,-0.15
Minatokobe.com,0.0
Minchin.ca,0.0
Mindful.org,-0.024999999999999994
Mindtheproduct.com,0.0
Minethatdata.com,0.0
Minimalissimo.com,0.0
Minimalistbaker.com,0.05083333333333333
Minneapolis Star Tribune,0.08376756284651023
Mirrorlessrumors.com,0.3
Missmustardseed.com,0.0
Mistral-7b.com,0.55
Mit.edu,0.12194444444444445
Mixandmatchmama.com,0.09999999999999999
Mixmag.net,0.09583333333333333
Mmo-champion.com,0.04545454545454545
MobiHealthNews,0.012499999999999997
Mobile-review.com,-0.044444444444444446
MobileSyrup,0.07878449675324675
Modern Farmer,0.075
Moeyo.com,0.0
Mollywhite.net,-0.5
Monbiot.com,-1.0
Mondediplo.com,-0.011363636363636364
Mondoweiss,-0.10064935064935066
Moneycontrol,0.03705415110616453
Moneysavingmom.com,0.21944444444444444
Mongabay.com,0.0
Mongodb.com,0.0
Montreal Gazette,0.2857142857142857
Moonbattery.com,0.0
Moondaily.com,0.14875
Moosepeterson.com,0.35714285714285715
Moredotsmorelines.com,0.0
Morning Consult,0.0
Morningstarnews.org,0.0
Mostlynerdless.de,0.0
Mother Jones,-0.016666666666666663
Motor Authority,0.12583333333333332
Mouseplanet.com,0.0590909090909091
Moxie.org,0.475
Moz.com,-0.3625
Mpasho.co.ke,0.0
Mprove.de,0.0
Ms. Magazine,0.08276515151515151
Mswjs.io,0.0
Mubi.com,-0.15
Music Ally,0.06912401324166029
Mutualfundobserver.com,0.0
My Modern Met,0.34015151515151515
My Nintendo News,0.09008658008658009
Myconfinedspace.com,-0.03125
Mydeveloperplanet.com,0.0
Myscandinavianhome.com,0.2824242424242424
Mysku.club,0.0
NASA,0.04376713564213564
NBC Bay Area,0.0
NBC News,0.026407436902719923
NBCSports.com,0.02753623188405797
NDTV News,0.03770518141652162
NPR,0.03726126884736579
Naftemporiki.gr,0.006944444444444445
Naked-science.ru,0.0
Nakedcapitalism.com,0.0380883884048441
Narinari.com,0.0
Narratively.com,0.25
Natalie.mu,-0.022727272727272728
Natesilver.net,0.016666666666666663
Nathanbransford.com,0.0
Nation.africa,0.1
National Geographic,0.032853535353535364
National Institutes of Health,0.043333333333333335
National Observer,0.025
Nationalaffairs.com,0.0
Nationalgeographic.org,0.25
Naturalnews.com,-0.020675062311425945
Naturalnewsblogs.com,0.1
Nature.com,0.0
Nautil.us,0.18
Navy.mil,0.0
Nbcsportsbayarea.com,0.0
Nbcsportsboston.com,-0.25
Nbcsportsphiladelphia.com,0.0
Ncspin.com,0.0
Neatorama.com,-0.0044330669330669295
Neh.gov,0.0
Neowin,0.07724287207045828
NerdWallet,0.030000000000000006
Nerdist,-0.03113776655443322
Netafull.net,0.0
Netgate.com,0.0
Network World,0.04
Networkcomputing.com,0.2857142857142857
New Atlas,0.06853893307381678
New Scientist,0.04396206726814204
New York Daily News,0.0
New York Magazine,0.10055555555555555
New York Post,0.006105589303169948
New Zealand Herald,0.11920570468957566
Newarab.com,0.0
Newclimate.org,0.0
Newcriterion.com,0.0
Newgeography.com,-0.35
Newhumanist.org.uk,0.4
Newliturgicalmovement.org,0.16581439393939393
Newmobilelife.com,-0.07500000000000001
News.rub.de,-0.5
News24,0.07368183716867927
Newser,0.01984126984126984
Newsit.gr,0.0
Newsonjapan.com,0.06666666666666665
Newsshooter,0.0
Newsweek,0.030636530282199575
Newsweekjapan.jp,0.0
Newyorkfed.org,0.0
Next Big Future,0.029395604395604395
Nextbigwhat.com,0.12575757575757576
Nextcity.org,0.0
Nextgov,0.02727272727272727
Nextpit.com,0.05604395604395605
Ngrok.com,0.0
Nhk.or.jp,0.0
Nicekicks.com,-0.14409090909090908
Nichepursuits.com,0.2966666666666667
Nicole.express,0.0
Niemanlab.org,0.031196581196581197
Nieniedialogues.com,0.0
Nikkei.com,0.0
Nikkeibp.co.jp,0.0
Nikonrumors.com,0.08538961038961038
Nintendo Life,0.11704545454545454
Nirandfar.com,0.0
Nist.gov,0.0
Nlppeople.com,0.0
Noahkagan.com,0.175
Noahpinion.blog,0.0
Nobelprize.org,0.0
Noemamag.com,0.0
Nofilmschool.com,0.06904761904761905
Nomadicmatt.com,0.6791666666666667
Nomnompaleo.com,0.06250000000000001
Nonprofitmarketingguide.com,0.03333333333333333
Noreplit.com,0.4
Norman Transcript,0.1
NorthJersey.com,0.0
Northwestern.edu,0.0
Nosher.net,0.3
Nota-lang.org,0.0
Note.com,0.04545454545454545
Notebookcheck.net,0.11042780748663102
Notechforapartheid.com,0.0
Noupe.com,0.0
Nplus1.ru,0.0
Nplusonemag.com,-0.19999999999999998
Nps.gov,0.4
Ntietz.com,0.5
Ntpro.nl,0.2
Nuclearpowerdaily.com,0.0
Nuejs.org,0.0
Nullprogram.com,-0.15
Nutritionfacts.org,0.0
Nutritionstripped.com,0.0
Nvidia.com,0.0
Observer,0.1706173577884104
Octopus.com,0.0
Ocworkbench.com,0.13636363636363635
Odatv4.com,0.0
Odditycentral.com,0.059375
Offbeatwed.com,0.0
Offgridsurvival.com,0.0
Officechai.com,0.0
Officesnapshots.com,-0.004166666666666667
Offthebeatenpoints.com,0.28409090909090906
OilPrice.com,0.030946969696969695
Oilgasdaily.com,0.2
Okdoomer.io,-0.014898989898989898
Okfn.org,0.14285714285714285
Om.co,1.0
Omarkama.li,0.0
Omg.blog,0.0
Omgubuntu.co.uk,0.17272727272727273
Omnigroup.com,0.0
Omny.fm,-0.3
OnMSFT,0.10757575757575757
Onbeing.org,0.041666666666666664
Onehundreddollarsamonth.com,0.2
Online-tech-tips.com,0.5
Onliner.by,0.0
Onthearts.com,0.0
Open Access Government,0.4000000000000001
Open Democracy,-0.10595238095238095
Openbookpublishers.com,0.31666666666666665
Openculture.com,0.09019696969696969
Opennet.ru,0.0
Opensecrets.org,0.16666666666666666
Opera.com,0.06818181818181818
Opiniojuris.org,0.030214285714285704
Oprahdaily.com,0.7
Order-order.com,0.1
Oreilly.com,0.0
Orlando Sentinel,0.17857142857142858
Osnews.com,0.10242424242424242
Otvkhabar.in,0.0
Ounapuu.ee,0.0
Oup.com,0.13333333333333333
Ourbestbites.com,0.0
Out.com,0.04999999999999999
Overclockers.ru,0.009583333333333333
Overcomingbias.com,0.0
Overdriveonline.com,0.0625
Ox.ac.uk,0.8
Ozbargain.com.au,0.11515469754831457
PBS,0.005429292929292932
PC Gamer,0.011616277987245729
PCMag.com,0.23125
PCWorld,0.14547845565287426
POLITICO.eu,0.04412095579858738
POPSUGAR,0.08897801544860369
PR Daily,0.04367897727272727
PR Newswire UK,0.10379614598364599
PRNewswire,0.10482456140350878
Paddle Your Own Kanoo,0.026010101010101004
Page Six,0.08137626262626263
Pajiba.com,-0.041796875000000004
Palnws.be,0.0
Pandora11.com,0.0
Pansci.asia,0.0
Paranatural.net,0.0
Parkablogs.com,0.0
Patently Apple,-0.04242424242424244
Patentlyo.com,0.15
Patheos,-0.08000000000000002
Paul Tan's Automotive News,0.07053223032675088
Paulplowman.com,0.0
Pbfingers.com,0.19999999999999998
Pbo.co.uk,0.13636363636363635
Pcable.net,0.0
Pdst.fm,0.0
Pedestrianobservations.com,0.0
Pehub.com,0.0
Penaddict.com,0.0
Penelopetrunk.com,0.0
Penny-arcade.com,-0.07692307692307693
People.cn,0.0
People.com.cn,0.0
Percona.com,0.25
Permanentstyle.com,0.0
Persol-career.co.jp,0.0
Perthirtysix.com,0.1
PetaPixel,0.06736165223665223
Petterhol.me,0.03333333333333333
Pew Research Center,0.0
Phandroid - News for Android,0.07059857638215847
Philipsteadman.com,0.0
Philstarlife.com,-0.1
PhoneArena,0.15447710184552288
Phonescoop.com,0.0
Phor.net,0.0
Phoronix,0.056060606060606054
Photographylife.com,0.06818181818181818
Photorumors.com,0.06482128982128982
Php.net,0.0
Phpclasses.org,-0.13181818181818183
Phys.Org,0.035010279894758564
Pikabu.ru,0.0
Pinkbike.com,0.14935064935064934
Pipersandler.com,0.0
Pitchfork,0.06907476403378043
Planetizen.com,0.04538720538720539
Platformer.news,-0.125
Platum.kr,0.0
Play.date,-0.18333333333333335
PlayStation LifeStyle,0.049999999999999996
Playstation.com,0.07070075757575758
Pleated-jeans.com,0.21904761904761902
Plos.org,0.02972332165189308
Plover.com,0.0
PoPville,0.10075757575757575
Pockettactics.com,-0.018750000000000017
Pocm.info,0.0
Podcastone.com,0.0
Podnews.net,0.0
Pointsmilesandbling.com,0.125
Pointswithacrew.com,0.25
Politicalwire.com,0.023237873237873238
Politico,-0.0024025447931697945
Politicopro.com,0.019736842105263157
Polygon,0.16390725238616805
Polymathic-ai.org,0.0
Polymer.co,-0.1
Popovicu.com,0.0
Portableapps.com,0.0
Positivityblog.com,0.25357142857142856
Post Magazine,0.08333333333333333
Postplanner.com,0.3
Powder Magazine,0.05
Power Line,0.0
Powerdns.com,0.0
Poynter,0.03333333333333333
Practical Ecommerce,0.12272727272727273
Pragmaticengineer.com,0.0
Pravda.com.ua,0.0
Predge.jp,0.0
Preferred.jp,0.0
Presentandcorrect.com,0.0
Primermagazine.com,0.0
Princeton University,0.0
Printmag.com,-0.0875
Prnewsonline.com,0.016666666666666666
Pro-Linux,0.0
ProPublica,0.04513888888888889
Productiveflourishing.com,0.0
Productivityist.com,0.0
Project Syndicate,0.010663495860864283
Projectrho.com,0.0
Protothema.gr,0.0
Provideocoalition.com,0.08333333333333333
Prtimes.jp,0.010685720722895444
Prx.org,0.0
Psychologicalscience.org,0.12613636363636363
Psychology Today,0.011856465529934917
Psytranceguide.com,0.0
Publicbooks.org,0.4
Publishingperspectives.com,0.07142857142857142
Pulse Live Kenya,0.0
Punchdrink.com,0.051190476190476196
Punknews.org,-0.019047619047619046
Purenintendo.com,0.0
Purseblog.com,0.0
Pushing-pixels.org,0.0
Pwc.com,0.22727272727272727
Pybit.es,0.0
Pypi.org,0.0
Pythonbytes.fm,0.0
Pythonlibrary.org,0.0
Pytorch.org,0.0
Quanttype.net,0.0
Quartz India,0.03127606110364731
Queerty.com,0.16845238095238096
Quicksprout.com,0.05083694083694083
Qwantz.com,0.0
R-bloggers.com,0.0
RT,-0.00017147464778111357
Ra.co,0.07539682539682539
RaceFans,0.22923160173160176
Radaronline.com,-0.0350414862914863
Radio Free Europe/ Radio Liberty,0.010640050054112553
Radiolab.org,0.0
Radiozamaneh.info,0.0
Ragan.com,-0.09285714285714286
Randomc.net,0.0
Randomwire.com,0.0
Rapradar.com,0.049999999999999996
Rarecooking.com,0.0
Raspberrypi.org,-0.00012626262626262244
Raw Story,0.00545437275490467
ReadWrite,0.07057176104981748
Reader's Digest,0.11666666666666665
RealClearPolitics,0.06818181818181818
Realclearworld.com,-0.03125
Realinvestmentadvice.com,0.7
Realmenrealstyle.com,-0.09285714285714287
Realpython.com,0.2
Realstorygroup.com,0.0
Reason,0.14250000000000002
Recharge,0.0
Red Voltaire,0.0
Red-gate.com,0.0
Reddit /r/all,0.03333333333333333
Redhat.com,0.08333333333333333
Rediff.com,-0.04999999999999996
Redmonk.com,0.0
Relevantmagazine.com,0.1765625
Religionnews.com,-0.09090909090909091
Remodelaholic.com,0.23583333333333334
Remodelista.com,0.030208333333333334
Remotejobs.org,0.0
Replit.com,0.0
Republic World,0.0
Research.google,0.13333333333333333
Researchbuzz.me,0.33828125
Resilience,0.2
Responsiblestatecraft.org,0.05000000000000002
Restofworld.org,-0.42962962962962964
Retail Dive,0.11113636363636363
Retaildesignblog.net,-0.025
Retractionwatch.com,0.0
Retrogames.cz,0.4
Reuters,0.017747226731601735
Reversemode.com,0.04545454545454545
Revinate.com,0.0
Reyem.dev,0.0
Rfc-editor.org,0.0
Rg.ru,0.0
Ribbonfarm.com,0.0
Richmond.com,0.02
Righto.com,0.0
Rightwingwatch.org,0.12142857142857143
Rigzone,0.027083333333333334
Riskinsight-wavestone.com,0.0
Ritholtz.com,0.005555555555555556
Rlsbb.ru,0.048234926585442046
Road to VR,3.96508223080413e-18
RoadandTrack.com,0.5
Roanoke Times,-0.009166666666666667
Robb Report,0.02468381291910704
Robertgreiner.com,0.0
Robertovitillo.com,0.0
Robkhenderson.com,0.0
Robohub.org,0.0
Rocicorp.dev,-0.1
Rock Paper Shotgun,0.07347462722462722
Rogerebert.com,-0.060416666666666674
Rolling Stone,0.03495243439687884
Roomie.jp,0.0
Rooziato.com,0.0
Rosehosting.com,0.0
Rowan.edu,0.0
Royal Society of Chemistry,-0.037037037037037035
Rubyflow.com,0.3333333333333333
Ruemag.com,0.16666666666666666
Ruffledblog.com,0.1
Runsforcookies.com,0.0
Ryanholiday.net,0.0
Ryanswanstrom.com,0.0
Ryukoku.ac.jp,0.0
S-max.jp,0.0
SB Nation,0.12940771349862257
SFGate,0.0
STLtoday.com,0.03888888888888889
SYFY WIRE,-0.25
Saastr.com,0.08
Sacramento Bee,0.5
Sadanduseless.com,-0.07500000000000001
Salesforce.com,0.0
Sallysbakingaddiction.com,0.0
Salt.security,0.0
Sam Chui,0.1170995670995671
SamMobile,0.057303807303807304
Samsung.com,0.020833333333333332
Sandraandwoo.com,0.0
Sankakucomplex.com,0.17500000000000002
Sap.com,0.10165289256198347
Saviom.com,0.0
Sbisoccer.com,0.14125
Scalzi.com,0.09545454545454546
Schneier.com,0.006
Schollz.com,0.0
Schwab.com,0.0
SciTechDaily,0.1
Science Daily,0.0480196608946609
ScienceAlert,0.08907254361799817
Sciencebasedmedicine.org,-0.13999999999999996
Sciencenorway.no,0.05
Scienceplus2ch.com,0.0
Scientific American,0.002755892255892256
Sciphijournal.org,0.8
Scotthyoung.com,0.0
Scottkelby.com,0.0
Scotusblog.com,0.0
Screen Rant,0.20492467781260884
Screenanarchy.com,0.125
Scub.net,0.0
Search Engine Journal,0.021364688552188548
Search Engine Land,0.04999999999999999
Searls.com,0.0
Seclists.org,0.0
Secretbristol.com,0.5
Secretchina.com,0.0
Secretflying.com,0.0
Sectionhiker.com,0.2
Securelist.com,0.26666666666666666
Securityaffairs.com,0.0013131313131313105
Securitylab.ru,0.0
Securityweek.com,0.06906565656565657
Seeddaily.com,0.0
Seeedstudio.com,0.07142857142857142
Self,0.2
Semafor.com,-0.06666666666666667
Semi-rad.com,0.0
Semiaccurate.com,0.0
Semiconductorreview.com,0.0
Semrush.com,0.14166666666666666
Seonews.ru,0.0
Seths.blog,-0.02230576441102757
Sfgirlbybay.com,0.0
Sfstandard.com,0.0
Sherdog.com,-0.04
Shortoftheweek.com,0.4
Shtfplan.com,0.06684491978609625
Shutterbean.com,-0.1
Sightunseen.com,0.29681818181818176
Signoz.io,0.0
SiliconANGLE News,0.007704545454545455
Siliconera,0.06711502782931354
Silodrome.com,0.1375
Simform.com,0.0
Simonwillison.net,0.0
Simplehomeschool.net,0.0
Singletracks.com,0.009090909090909108
Singularity Hub,0.3678571428571429
Sinodaily.com,0.13636363636363635
SitePoint,0.0
Sixsistersstuff.com,0.2916666666666667
Skai.gr,0.0
Skeptic.com,0.0
Skepticalscience.com,-0.07866161616161617
Skift,0.06751205751205751
Skinnytaste.com,0.08863636363636364
Skiptomylou.org,0.0
Sky Sports,0.08365140336971323
Sky.com,-0.024471436301793444
Slack.design,0.0
Slanted.de,0.0
Slashdot.org,0.027833208769307425
Slate Magazine,-0.0092409484454939
Slickdeals.net,0.12765432619328726
Slimemoldtimemold.com,0.25
Slj.com,0.1125
Slrlounge.com,-0.23076923076923078
Small Business Trends,0.1112897493453049
Smallwarsjournal.com,-0.0008333333333333332
Smartbitchestrashybooks.com,0.0
Smartblogger.com,0.16666666666666666
Smartdatacollective.com,0.2333333333333333
Smashingmagazine.com,-0.09999999999999999
Smbc-comics.com,0.0
Smhn.info,0.0
Smithsonian.com,0.0909681227863046
Smzdm.com,0.0
Sneak.berlin,-0.5
Sneaker News,0.09886868686868687
Sneakerfiles.com,0.7000000000000001
Snob.ru,0.0
Snopes.com,0.048956830206830206
Snowboarder.com,0.0
Snowboardmag.com,0.0
Socialmediaexplorer.com,0.1888888888888889
Socialnomics.net,0.0
Socialsciencespace.com,0.0
Socks-studio.com,0.0
Softantenna.com,0.0
Soldiersystems.net,0.062373737373737366
Solidsmack.com,0.0
Sonyalpharumors.com,0.13778409090909088
SoraNews24,0.18737373737373736
Sorae.info,0.0
Sostav.ru,0.0
Soundandvision.com,0.275
Soundcloud.com,0.0
Soundonsound.com,0.04285714285714286
Sourceforge.net,0.0
Sourcesofinsight.com,0.7
Southernfoodways.org,0.0
Southernsavers.com,0.07447089947089947
Sovereignman.com,0.0625
SoyaCincau.com,0.025883838383838384
Space Daily,0.08892269635126777
Space.com,0.05285041799987453
Spaceintelreport.com,0.13636363636363635
Spacewar.com,-0.033585938397885304
Sparkfun.com,0.0
Speckyboy.com,0.0
Speedhunters.com,0.02525252525252525
Spektrum.de,0.0
Spencerauthor.com,0.35
Spinsucks.com,0.0
Spoilertv.com,0.30000000000000004
Sports Illustrated,0.06691176470588235
Spotify.com,0.0
Spring.org.uk,0.2863772727272727
Springwise.com,0.03398489265836205
Sproutsocial.com,0.0
Sprudge.com,0.2233418367346939
Sputnikglobe.com,-0.025596513161168333
Sputniknews.africa,0.0
Sputniknews.jp,0.0
Sqlauthority.com,0.0
Sqlservercentral.com,0.13636363636363635
Srad.jp,0.0
Ssir.org,-0.10000000000000002
Sspai.com,0.0
Sspnet.org,0.0375
Stability.ai,0.21428571428571427
Stackabuse.com,0.0
Stackdiary.com,0.0
Stackexchange.com,0.02500000000000001
Stackfix.com,0.5
Stackoverflow.blog,0.0
Stackoverflow.com,-0.016666666666666663
Stacksocial.com,0.0
Stairways.com,0.0
Stanford.edu,0.0
Stashmedia.tv,0.12916666666666665
Stateofthemap.eu,0.0
Steamykitchen.com,0.125
Stereogum,0.07716205928804354
Stereophile.com,0.4
Steveblank.com,0.0
Stevemccurry.blog,0.0
Stevenpressfield.com,0.0
Steynonline.com,0.05108024691358025
Stopchatcontrol.eu,0.0
Storagereview.com,0.0
Storm.mg,0.0
Str.com,0.0
Strategy-business.com,0.0
Streetartnews.net,0.04545454545454545
Streetartutopia.com,0.0
Stuckincustoms.com,0.0
Study Finds,0.5
Stylebyemilyhenderson.com,0.13722222222222222
Substack.com,0.06859273538961039
Suitesandlobbies.com,1.0
Sundayworld.com,0.0
Superhealthykids.com,0.3833333333333333
Superpunch.net,-0.008333333333333331
Supply Chain Dive,-0.025
Surfer.com,0.0
Surrealdb.com,0.0
Survivalblog.com,0.005555555555555554
Suzukikenichi.com,0.0
Swiss-miss.com,0.0
Swizec.com,0.0
Synopse.info,0.2
Synthtopia.com,0.2709090909090909
Szymonkaliski.com,0.0
TMZ,0.0010037878787878796
TODAY,-0.08062169312169312
TVLine,0.03560335497835498
Tablefortwoblog.com,0.0
Tabnak.ir,0.0
Tachibana-akira.com,0.0
Taisy0.com,0.0
Talosintelligence.com,0.1
Task & Purpose,0.0
Tass.ru,0.0
Tech Xplore,-0.009681606272515363
TechCrunch,-0.13333333333333333
TechNode,0.047520661157024795
TechRadar,0.10769020492857702
TechSpot,0.04862247474747475
Techadvisor.com,-0.4
Techbang.com,0.0
Techbeamers.com,0.0
Techdirt,-0.004545995670995666
Techenhancedlife.com,0.3
Techfortravel.co.uk,0.13636363636363635
Techmeme.com,0.0932978132978133
Technabob.com,0.1
Technews.tw,0.0
Technewsworld.com,0.0
Technical.ly,0.1
Technicshistory.com,0.0
Techpowerup.com,0.017698412698412696
Techreport.com,0.11580882352941177
Techtarget.com,0.06666666666666667
Techviral.net,0.5420454545454545
Techyourchance.com,0.0
Ted.com,0.04196428571428572
Teen Vogue,0.0525974025974026
TelecomTV,0.0
Telecompetitor,0.0
Telepolis.de,0.0
Temptalia.com,0.0
Tenzir.com,0.0
Terebess.hu,0.0
Terradaily.com,-0.004166666666666666
Terribleminds.com,0.0
Textsfromsuperheroes.com,0.0
Textslashplain.com,0.0
Tfl.gov.uk,0.0
Thairath.co.th,0.0
The A.V. Club,0.1001107398278931
The American Conservative,-0.0164455110107284
The Atlantic,0.01788392163392163
The BMJ,0.03766481137909709
The Boston Globe,0.02521808052573252
The Christian Post,0.0
The Conversation Africa,0.046089682031583444
The Cut,0.04242424242424243
The Daily Caller,-0.023459493860437258
The Daily Dot,-0.012132807668521959
The Daily Hodl,0.07019104084321474
The Daily Pennsylvanian,0.0
The Daily Progress,0.0
The Denver Post,0.08257575757575758
The Diplomat,-0.002090473184223186
The Drive,-0.23809523809523808
The FADER,-0.01809764309764309
The Federalist,0.001455026455026456
The Gadgeteer,0.18032879818594102
The Globe And Mail,0.0
The Hill,-0.04261363636363636
The Hollywood Gossip,-0.03165584415584415
The Hustle,0.06818181818181818
The Indian Express,0.036307817334011804
The Indianapolis Star,0.0
The Information,-0.041666666666666664
The Intercept,-0.054253787878787874
The Irish Times,0.041698012948012945
The Japan Times,-0.08627450980392157
The Jerusalem Post,-0.0067654702363440225
The Mac Observer,0.13333333333333333
The Naked Scientists,0.0
The New Republic,-0.08164120715350223
The New York Review of Books,0.011818181818181821
The New Yorker,0.03441168831168831
The Next Platform,0.2
The Next Web,0.0399514008004574
The Official Website of the Ultimate Fighting Championship,0.0
The Philadelphia Inquirer,0.0
The Planetary Society,0.5
The Points Guy,0.11635812672176309
The Punch,0.024170759821482847
The Quietus,0.05868506493506494
The Real Deal,-0.1
The Root,-0.03002525252525252
The Space Review,0.0
The Star Online,0.025712436380306417
The Texas Tribune,-0.15
The Times of India,0.04140263134233511
The Times of Israel,0.024316104282622143
The Verge,0.0671215879028379
The Wall Street Journal,-0.05273288439955107
The Washington Post,0.0801969696969697
The Week Magazine,0.03466607064433151
The-digital-picture.com,0.0
The-express.com,0.0
The-independent.com,0.0034877072612921646
The-sun.com,0.0734126984126984
The42,-0.015857100415923947
TheBlaze,0.025925925925925925
TheGrio,-0.014422147001934236
TheJournal.ie,0.0009625573431543563
TheStranger.com,0.0
TheStreet,0.6
TheWrap,0.06079606946084219
Theabsolutesound.com,0.12159090909090908
Theamericanscholar.org,0.12
Theaviationist.com,0.05787037037037037
Theawesomer.com,0.0
Thebignewsletter.com,-0.16666666666666666
Theblindkitchen.com,1.0
Thebloggess.com,-0.020138888888888883
Thebookdesigner.com,0.5700000000000001
Thebridge.jp,0.0
Thebulkheadseat.com,0.051948051948051945
Thechive.com,0.14672619047619048
Thecoachingtoolscompany.com,0.4
Thecritic.co.uk,0.0
Thedailymash.co.uk,0.02149621212121213
Thedailyupside.com,0.06253382034632035
Thedailywtf.com,-0.15
Thedebrief.org,0.0
Thedisneyblog.com,0.06818181818181818
Thedroptimes.com,0.0
Theecologist.org,-0.13333333333333333
Theeconomiccollapseblog.com,0.0
Theedgemalaysia.com,0.09444444444444444
Theeverygirl.com,0.15444139194139195
Theeyewall.com,0.0
Thefemaleprofessional.com,1.0
Thefirstmess.com,0.05833333333333333
Theflightdeal.com,0.00505050505050505
Thefly.com,0.006887052341597796
Thefp.com,0.05909090909090909
Thefreedictionary.com,0.05
Thefrisky.com,0.08075605680868839
Thefrugalgirl.com,-0.012499999999999997
Thefullhelping.com,0.06666666666666667
Thefutoncritic.com,0.12529433949888494
Thegatewaypundit.com,-0.013661255411255416
Thegatewithbriancohen.com,0.04375
Thegospelcoalition.org,0.09053030303030303
Thegraphicsfairy.com,0.0
Thehillstimes.in,0.09707581036849329
Thehistoryblog.com,0.030208333333333334
Thehugoawards.org,0.0
Theimpulsivebuy.com,0.1
Theinspiredroom.net,0.08482142857142858
Theinventory.com,0.23842953342953344
Thejorgemedina.com,0.0
Thekidshouldseethis.com,-0.4777777777777778
Thekitchn.com,0.18363783109545823
Thelineofbestfit.com,-0.04312049062049062
Themarginalian.org,0.21425161210317462
Themarthablog.com,0.04375
Theme Park Insider,0.30833333333333335
Themidwesterner.news,0.0
Themillions.com,0.06727272727272728
Themirror.com,-0.5
Themomedit.com,0.24204545454545454
Themorningnews.org,-0.0625
Thenation.com,0.08355729918229919
Thenerdyteacher.com,0.0
Theness.com,0.0
Thenewstack.io,0.06818181818181818
Thenile.dev,0.2
Thenonconsumeradvocate.com,0.0
Theonion.com,0.04925327648541934
Theparisreview.org,-0.04285714285714286
Thepassivevoice.com,0.125
Thephoblographer.com,1.0
Thepinknews.com,0.07025613275613277
Theplaylist.net,0.017142008318478903
Thepointmag.com,0.8
Thepythoncodingbook.com,0.06818181818181818
Theradavist.com,0.11543650793650795
Therecord.media,-0.25
Theregister.com,0.0034451659451659447
Therestisnoise.com,0.0
Therumpus.net,0.05357142857142857
Theshutterwhale.com,0.1
Thesimplyluxuriouslife.com,0.16944444444444443
Theskepticsguide.org,0.0
Theskinnyconfidential.com,0.5
Thesmokinggun.com,-0.05000000000000002
Thesurvivalmom.com,0.0
Thesurvivalpodcast.com,0.0
Thetinylife.com,0.0
Thevanillabeanblog.com,0.0
Thewalrus.ca,0.0
Thewindowsclub.com,0.05
Thewoksoflife.com,0.0
Theworld.org,0.5
Thinkwithgoogle.com,0.16666666666666666
Thisismold.com,0.0
Thisiswhyimbroke.com,-0.1
Thmsmlr.com,0.15
Thomaskole.nl,0.0
Thoughtbot.com,0.0
Thoughtcatalog.com,0.23819097569097566
Thriftydecorchick.com,0.0
Thumbcalendar.com,0.0
Thurrott.com,0.12878787878787878
Tidymom.net,0.0
Tim.blog,0.08666666666666667
Time,0.013167185431648241
Time Out,0.24886363636363637
Timonweb.com,0.0
Tinybuddha.com,0.13749999999999998
Tinyhouseblog.com,0.0
Tinyhousetalk.com,0.1
Tistory.com,0.0
TmoNews,0.3293939393939394
Tocana.jp,0.0
Togetter.com,0.0
Tokka.shop,0.0
Tokyoweekender.com,0.0
Tom's Hardware UK,-0.0005411255411255426
Tomshw.it,0.0
Toolguyd.com,0.5
Toolsandtoys.net,0.4
Topdollarinvestor.com,0.0
Toprankblog.com,0.28383838383838383
Torocloud.com,0.0
Toronto.edu,0.0
Torrentfreak.com,0.03856195887445888
Touch Arcade,0.10046559343434343
Touringplans.com,0.0
Townflex.com,0.125
Toynewsi.com,0.010526315789473684
Tpgi.com,0.0
Trailcooking.com,0.16428571428571428
Transfermarkt,0.0
Travelcodex.com,-0.017857142857142856
Travelingformiles.com,0.35
Travelupdate.com,0.05871212121212121
TrekMovie,0.21439393939393941
Trendfollowingradio.com,0.0
Trendhunter.com,0.06239669421487603
Trendmicro.com.tw,0.0
Trendwatching.com,0.013636363636363636
Truebasic.com,0.175
TrustedReviews,0.05
Truthout,-0.13626373626373628
Tubefilter,0.5
Turbopuffer.com,0.0
Tutsplus.com,0.5
Tuttomercatoweb.com,0.0
Tuxmachines.org,0.0
Twailr.com,0.0
TweakTown,0.0709280303030303
Twistedsifter.com,-0.015836740420073752
Twopeasandtheirpod.com,0.3333333333333333
Twreporter.org,0.0
Typepad.com,-0.019166666666666665
U-createcrafts.com,0.0
U-note.me,0.0
U.Today,0.026076555023923444
UANews,0.043181818181818175
UN News,0.03728835978835979
UPI.com,-0.06875
UPROXX,0.12263177998472115
USA Today,0.15872790404040404
UW News,0.0
Ubergizmo,0.04285714285714286
Ubuntu.com,0.05714285714285715
Uga.edu,-0.1
Ultimate Classic Rock,0.0
Ultimovacs.com,0.125
Umbc.edu,0.0
Umich.edu,0.2
Uncrate.com,0.010416666666666666
Undark Magazine,0.21666666666666667
Undispatch.com,-0.2152777777777778
Unexplained-mysteries.com,0.07679195804195804
Unity.com,-0.08
Universe Today,0.053354029011923744
University of Birmingham,-0.18787878787878784
Unlimit-tech.com,0.05357142857142857
Unwire.hk,0.0
Upenn.edu,0.16625
UploadVR,0.037210884353741494
Urbangardensweb.com,0.6000000000000001
Urbanomnibus.net,0.2
Urlaubspiraten.de,0.0
Us Weekly,0.02157888407888408
Usda.gov,0.0
Ustoday.news,0.0
Utep.edu,0.0
Uxmatters.com,0.09999999999999999
Uxpin.com,0.0
VC Star,-0.16666666666666666
VOA News,0.006164095449809737
Valetmag.com,0.35185185185185186
ValueWalk,0.5227272727272727
Van-magazine.com,0.0
Vanity Fair,0.0955340909090909
Variety,0.009042346542346539
Vedomosti.ru,0.0
Vegalicious.recipes,0.0
Veganyackattack.com,0.2
VentureBeat,0.008281400312650311
Veracode.com,0.0
Vercel.com,0.0
Vice News,0.11077177505956576
Vietnamplus.vn,0.0
Viewfromthewing.com,-0.035487689393939384
Viget.com,0.3
Vimeo.com,0.6
Vintag.es,0.4076923076923077
Vippers.jp,0.0
Viralviralvideos.com,0.0
Visible.com,0.0
Visithorsham.co.uk,0.0
Vitalmtb.com,0.26666666666666666
Vladan.fr,0.1
Vmblog.com,0.10413875598086124
Vmware.com,0.0
Vnexpress.net,0.0
Voachinese.com,0.0
Vogue,0.3
Vogue.com.tw,0.0
Vox,0.041852795193312434
Voxeurop.eu,-0.10416666666666667
Vulture,0.021139971139971153
Vz.ru,0.0
W3.org,0.0
WBUR,0.04
WGN TV Chicago,-0.5
WHYY,0.0
WKRN News 2,-0.5
WRAL.com,0.5
WWD,0.10293062200956939
Wakehealth.edu,0.175
Wallpaper*,0.16215151515151516
Wanderingearl.com,0.1
War on the Rocks,-0.035416666666666666
Warnews247.gr,0.0
Washington Examiner,0.0
Washington Free Beacon,0.000811688311688311
Washingtonian,-0.2
Watchmono.com,0.0
Watchtime.com,0.27499999999999997
Wattsupwiththat.com,0.021772268135904504
Wayne.edu,0.0
Wayve.ai,0.4
Wccftech,-0.03787878787878788
Wdtprs.com,-0.25
We Live Security,0.0
We-heart.com,0.3151785714285714
We-make-money-not-art.com,0.0
Wealthofgeeks.com,0.1465020451494332
Wealthtender.com,-0.025
Weandthecolor.com,0.06190476190476191
Wearesocial.com,0.03333333333333333
Web-price.info,0.0
Web3isgoinggreat.com,-0.5
WebMD,-0.006379585326953746
WebProNews,0.06666666666666667
Webdesignerdepot.com,0.14204545454545453
Webnews.it,0.0
Weelicious.com,-0.11666666666666665
Wellnessmama.com,0.12083333333333333
Werd.com,0.23333333333333334
Wetravelthere.com,0.16666666666666666
What's on Netflix,0.07115384615384615
Whatkatewore.com,0.0
Whatsgoodattraderjoes.com,0.0
Wheresyoured.at,0.0
Whitecoatinvestor.com,0.0
Whitehouse.gov,0.10000000000000002
Whiteonricecouple.com,0.2
Who What Wear,-0.10833333333333335
Whoi.edu,0.0
Wholefully.com,0.21666666666666667
Whoorl.com,0.0
Whyevolutionistrue.com,0.008695652173913044
Wikihow.com,0.10740740740740741
Wikipedia.org,0.026923076923076925
Wimp.com,-0.0033333333333333327
Windows Central,0.0854199641504329
Windows.com,0.0
Wine Spectator,-0.06666666666666665
Winter is Coming,-0.016645622895622898
Wired,0.1343685547256976
Wired.co.uk,-0.09777777777777776
Wired.jp,0.0
Wisc.edu,0.0
Without.boats,0.0
Wnd.com,0.010576923076923078
Wolfram.com,0.0
Wolnemedia.net,0.225
Wonkette.com,-0.07032828282828282
Wordpress.com,-0.034895833333333334
Wordpress.org,0.028124999999999997
World Socialist Web Site,0.0
World-fusigi.net,0.0
Worldsensorium.com,0.0
Worldsoccertalk.com,0.06352272727272727
Wornandwound.com,0.5
Wpbeginner.com,0.43333333333333335
Www.abc.es,0.0
Www.gov.uk,0.05965151515151515
Www.nzz.ch,0.0
Www.tcl.tk,0.0
Www.utu.fi,0.0
Www.vg.no,0.22727272727272727
XDA Developers,0.2815812565812566
XXLMAG.COM,0.07662337662337662
Xakep.ru,0.0
Xaluanplus.com,0.2
Xbox.com,0.07993039157811886
Xfire.com,0.08888888888888889
YLE News,-0.030000000000000006
Yahoo Entertainment,0.026646852318494108
Yahoo-news.com.hk,0.0
Yale.edu,0.011837121212121212
Yanko Design,0.16788403051423886
Yatzer.com,0.044444444444444446
Ynet,0.0
Ynetnews,-0.09375
Yoast.com,0.0
YouTube,-0.04289819376026273
Youlookfab.com,0.05
Younghouselove.com,0.25
Youngtravelershongkong.com,0.0
Youpouch.com,0.7
Your EDM,0.02202380952380952
Yourmileagemayvary.com,-0.005591630591630589
ZDNet,0.052704451345755694
ZME Science,0.0
Zacjohnson.com,0.18465277777777778
Zacks.com,-0.55
Zenhabits.net,0.0
Zeroasic.com,0.0
Zerohedge.com,0.0
Zhidx.com,0.0
Zonanegativa.com,0.0
Zooborns.com,0.0
Zoomit.ir,0.0
Zuuonline.com,0.0
ZyCrypto,0.10681818181818181
aBlogtoWatch,0.22661227661227662
allears.net,0.1286728896103896
autosport.com,0.11522041062801933
blogTO,0.04296328671328672
cleveland.com,0.0
collectSPACE.com,0.03712121212121212
decanter.com,0.35625
dh.be,0.15227272727272728
disneyfoodblog.com,0.10615942028985506
esquire.com,0.13353535353535353
gcaptain.com,0.007628611698379139
heise online,0.06666666666666665
iMore,0.15024994846423417
iPhone in Canada,0.17454545454545456
iTnews,0.0
kidsactivitiesblog.com,0.4375
kottke.org,0.08688856692888952
kyweathercenter.com,0.25
menshealth.com,0.23699720418470419
mindbodygreen.com,0.08430339985218034
mlive.com,0.6
msnNOW,0.0
newsBTC,0.06623484848484848
phillymag.com,0.0
pitpass.com,0.25
pv magazine International,0.0
pymnts.com,0.04807449494949495
redmondpie.com,0.10714285714285714
seattlepi.com,0.13636363636363635
sixcolors.com,0.0
soompi,0.28182753460531235
thechalkboardmag.com,-0.1
thereformedbroker.com,0.0
tomandlorenzo.com,0.0
tor.com,0.029819023569023568
 - VOA Khmer,-0.06666666666666667
